{"cameraMode":{"drawMode":0,"name":"Shaded","section":"Shading Mode"},"sceneLighting":false,"audioPlay":false,"sceneViewState":{"showFog":true,"showMaterialUpdate":false,"showSkybox":false,"showFlares":true,"showImageEffects":true,"showParticleSystems":true},"in2DMode":false,"pivot":{"x":40.92831802368164,"y":44.54578399658203,"z":1595.1453857421875},"rotation":{"x":-0.20446200668811799,"y":-0.6513051390647888,"z":0.1886269599199295,"w":-0.705986499786377},"size":40.93062973022461,"orthographic":false}