{"cameraMode":{"drawMode":0,"name":"Shaded","section":"Shading Mode"},"sceneLighting":false,"audioPlay":false,"sceneViewState":{"showFog":true,"showMaterialUpdate":false,"showSkybox":false,"showFlares":true,"showImageEffects":true,"showParticleSystems":true},"in2DMode":false,"pivot":{"x":-0.6000000238418579,"y":0.009999990463256836,"z":-1.6599998474121094},"rotation":{"x":-0.12182605266571045,"y":0.855766773223877,"z":-0.234365314245224,"w":-0.4448535144329071},"size":2.8578836917877199,"orthographic":false}